Тип объекта (project_type_code),Крупный этап,Подэтап СМР,Длительность (дней),Критический путь,Обязательная техника,Допустимая техника,Контролируемые аномалии и риски (Алерты)
RESIDENTIAL,1. Подготовительный этап,1.1. Расчистка территории и срезка растительного слоя,7,FALSE,"BULLDOZER: 1, DUMP_TRUCK: 2",EXCAVATOR,"Простой бульдозера (>30 мин), дефицит самосвалов под вывоз грунта"
RESIDENTIAL,1. Подготовительный этап,1.2. Ограждение площадки временные дороги и бытовой городок,10,FALSE,"MOBILE_CRANE: 1, FLATBED_TRUCK: 1",DUMP_TRUCK,Отсутствие автокрана при разгрузке плит и бытовок
RESIDENTIAL,2. Земляные работы и котлован,2.1. Устройство шпунтового ограждения котлована,14,TRUE,"EXCAVATOR: 1, MOBILE_CRANE: 1",FLATBED_TRUCK,"Простой автокрана при монтаже шпунта, дефицит экскаватора"
RESIDENTIAL,2. Земляные работы и котлован,2.2. Механизированная выемка грунта котлована,20,TRUE,"EXCAVATOR: 2, DUMP_TRUCK: 4",BULLDOZER,Критический дефицит самосвалов (простой экскаваторов в забое)
RESIDENTIAL,2. Земляные работы и котлован,2.3. Монтаж распорной системы крепления котлована,10,TRUE,"MOBILE_CRANE: 1, FLATBED_TRUCK: 1",EXCAVATOR,Простой автокрана при подаче металлических распорных балок
RESIDENTIAL,2. Земляные работы и котлован,2.4. Доработка дна котлована и песчано-щебеночная подготовка,7,TRUE,"EXCAVATOR: 1, DUMP_TRUCK: 2",ROAD_ROLLER,"Простой экскаватора, отсутствие подвоза песка/щебня"
RESIDENTIAL,3. Фундамент и подземная часть,3.1. Бетонирование фундаментной плиты,15,TRUE,"CONCRETE_MIXER: 3, MOBILE_CRANE: 1",FLATBED_TRUCK,"Срыв ритмичности подачи бетона (>2 ч), простой миксеров"
RESIDENTIAL,3. Фундамент и подземная часть,3.2. Возведение стен колонн и перекрытий подземной части,25,TRUE,"CONCRETE_MIXER: 2, MOBILE_CRANE: 1",FLATBED_TRUCK,"Отсутствие крана при монтаже опалубки, дефицит миксеров"
RESIDENTIAL,3. Фундамент и подземная часть,3.3. Гидроизоляция стен подвала и обратная засыпка пазух,10,FALSE,"BULLDOZER: 1, DUMP_TRUCK: 2",EXCAVATOR,"Дефицит самосвалов на подвозе песка, простой бульдозера"
RESIDENTIAL,4. Возведение надземной части (Конструктив),4.1. Монтаж конструкций и подача материалов каркаса,5,TRUE,"MOBILE_CRANE: 1, FLATBED_TRUCK: 2",EXCAVATOR,Загромождение проездов при подаче тяжелых сборных элементов
RESIDENTIAL,4. Возведение надземной части (Конструктив),4.2. Монолитные работы типовых этажей (пилоны перекрытия),80,TRUE,"CONCRETE_MIXER: 3, MOBILE_CRANE: 1",FLATBED_TRUCK,"Простой автокрана в рабочую смену (>1 ч), отсутствие миксеров"
RESIDENTIAL,4. Возведение надземной части (Конструктив),4.3. Кладка наружных стен и ограждающих конструкций,35,FALSE,"MOBILE_CRANE: 1, FLATBED_TRUCK: 1",DUMP_TRUCK,Срыв темпа подъема поддонов с блоками на этажи автокраном
RESIDENTIAL,5. Фасадные и кровельные работы,5.1. Устройство рулонной кровли и гидроизоляция,20,FALSE,MOBILE_CRANE: 1,FLATBED_TRUCK,Отсутствие крановой техники при подъеме гидроизоляции и утеплителя
RESIDENTIAL,5. Фасадные и кровельные работы,5.2. Монтаж навесного вентилируемого фасада и остекления,35,FALSE,"MOBILE_CRANE: 1, FLATBED_TRUCK: 1",DUMP_TRUCK,Простой техники при разгрузке кассет и стеклопакетов
RESIDENTIAL,6. Наружные инженерные коммуникации,6.1. Разработка траншей и укладка наружных сетей (теплосеть вода),20,FALSE,"EXCAVATOR: 1, MOBILE_CRANE: 1",DUMP_TRUCK,"Простой экскаватора, отсутствие автокрана при укладке лотков"
RESIDENTIAL,6. Наружные инженерные коммуникации,6.2. Обратная засыпка и уплотнение грунта траншей,10,FALSE,"EXCAVATOR: 1, ROAD_ROLLER: 1",DUMP_TRUCK,Отсутствие дорожного катка при послойной трамбовке грунта
RESIDENTIAL,7. Дорожные работы и благоустройство,7.1. Устройство песчано-щебеночного основания дворовых проездов,10,TRUE,"BULLDOZER: 1, DUMP_TRUCK: 2, ROAD_ROLLER: 1",EXCAVATOR,"Простой бульдозера/катка, нехватка подвоза щебня самосвалами"
RESIDENTIAL,7. Дорожные работы и благоустройство,7.2. Устройство асфальтобетонных покрытий территории,10,TRUE,"ROAD_ROLLER: 2, DUMP_TRUCK: 3",BULLDOZER,"Критический простой катков при остывании асфальта, нехватка самосвалов"
RESIDENTIAL,7. Дорожные работы и благоустройство,7.3. Озеленение установка МАФ и вывоз стройгородка,8,FALSE,"MOBILE_CRANE: 1, FLATBED_TRUCK: 1",DUMP_TRUCK,Задержка демонтажа городка и вывоза мусора перед итоговой проверкой
ADMINISTRATIVE,8. Подготовительный этап (Административное),8.1. Инженерная подготовка площадки и срезка грунта,6,FALSE,"BULLDOZER: 1, DUMP_TRUCK: 2",EXCAVATOR,"Простой бульдозера, задержка вывоза строительного грунта"
ADMINISTRATIVE,8. Подготовительный этап (Административное),8.2. Устройство ограждения и временных проездов,8,FALSE,"MOBILE_CRANE: 1, FLATBED_TRUCK: 1",DUMP_TRUCK,Отсутствие автокрана при монтаже дорожных плит
ADMINISTRATIVE,9. Земляные работы и цоколь,9.1. Разработка котлована под фундамент и подземный архив,14,TRUE,"EXCAVATOR: 2, DUMP_TRUCK: 3",BULLDOZER,"Дефицит самосвалов, задержка выемки грунта экскаватором"
ADMINISTRATIVE,9. Земляные работы и цоколь,9.2. Устройство фундаментной плиты и стен цоколя,18,TRUE,"CONCRETE_MIXER: 2, MOBILE_CRANE: 1",FLATBED_TRUCK,"Срыв графика подвоза бетона, простой крана на опалубке"
ADMINISTRATIVE,9. Земляные работы и цоколь,9.3. Гидроизоляция и обратная засыпка пазух котлована,7,FALSE,"BULLDOZER: 1, DUMP_TRUCK: 2",EXCAVATOR,Нехватка самосвалов на доставке песка под обратную засыпку
ADMINISTRATIVE,10. Возведение каркаса (5-8 этажей),10.1. Монолитные работы каркаса административного здания,45,TRUE,"CONCRETE_MIXER: 3, MOBILE_CRANE: 1",FLATBED_TRUCK,"Критический простой автокрана в смену, дефицит миксеров"
ADMINISTRATIVE,10. Возведение каркаса (5-8 этажей),10.2. Кладка наружных стен и внутренних перегородок,22,FALSE,"MOBILE_CRANE: 1, FLATBED_TRUCK: 1",DUMP_TRUCK,Срыв темпа подъема блоков и кирпича на этажи
ADMINISTRATIVE,11. Фасад и кровля здания,11.1. Монтаж вентилируемого фасада и витражного остекления,25,FALSE,"MOBILE_CRANE: 1, FLATBED_TRUCK: 1",DUMP_TRUCK,Простой техники при разгрузке фасадных подсистем
ADMINISTRATIVE,11. Фасад и кровля здания,11.2. Устройство совмещенной кровли с гидроизоляцией,15,FALSE,MOBILE_CRANE: 1,FLATBED_TRUCK,Отсутствие крана при подаче рулонных материалов и утеплителя
ADMINISTRATIVE,12. Сети и благоустройство территории,12.1. Прокладка наружных инженерных сетей и кабельных линий,14,FALSE,"EXCAVATOR: 1, MOBILE_CRANE: 1",DUMP_TRUCK,Простой экскаватора при рытье траншей под коммуникации
ADMINISTRATIVE,12. Сети и благоустройство территории,12.2. Устройство асфальтобетонных проездов и служебной парковки,9,TRUE,"ROAD_ROLLER: 2, DUMP_TRUCK: 2",BULLDOZER,Критический простой катков при укладке асфальтобетона
ADMINISTRATIVE,12. Сети и благоустройство территории,12.3. Благоустройство прилегающей территории и установка КПП,6,FALSE,"MOBILE_CRANE: 1, FLATBED_TRUCK: 1",DUMP_TRUCK,Задержка монтажа малых архитектурных форм и вывоза бытовок
BUSINESS,13. Подготовительный и земляной цикл,13.1. Планировка территории и срезка грунта технопарка,8,FALSE,"BULLDOZER: 1, DUMP_TRUCK: 2",EXCAVATOR,"Простой бульдозера, задержка вывоза грунта с площадки"
BUSINESS,13. Подготовительный и земляной цикл,13.2. Разработка глубокого котлована под 2-уровневый паркинг,22,TRUE,"EXCAVATOR: 2, DUMP_TRUCK: 4",BULLDOZER,Критический дефицит самосвалов в забое котлована
BUSINESS,13. Подготовительный и земляной цикл,13.3. Монтаж шпунтового ограждения и распорной системы,12,TRUE,"MOBILE_CRANE: 1, FLATBED_TRUCK: 1",EXCAVATOR,Простой автокрана при подаче металлических распорных балок
BUSINESS,14. Нулевой цикл и паркинг,14.1. Бетонирование фундаментной плиты бизнес-центра,16,TRUE,"CONCRETE_MIXER: 3, MOBILE_CRANE: 1",FLATBED_TRUCK,"Срыв ритмичности подвоза бетона, простой миксеров в очереди"
BUSINESS,14. Нулевой цикл и паркинг,14.2. Монолитные конструкции 2-уровневого паркинга,24,TRUE,"CONCRETE_MIXER: 2, MOBILE_CRANE: 1",FLATBED_TRUCK,Отсутствие автокрана при монтаже крупнощитовой опалубки
BUSINESS,15. Каркас и остекление технопарка,15.1. Возведение монолитного каркаса здания бизнес-центра,60,TRUE,"CONCRETE_MIXER: 3, MOBILE_CRANE: 1",FLATBED_TRUCK,"Простой крана в рабочую смену, отсутствие миксеров"
BUSINESS,15. Каркас и остекление технопарка,15.2. Монтаж сплошного фасадного остекления и панелей,30,FALSE,"MOBILE_CRANE: 1, FLATBED_TRUCK: 1",DUMP_TRUCK,Простой техники при разгрузке стеклопакетов и стоек
BUSINESS,15. Каркас и остекление технопарка,15.3. Устройство эксплуатируемой кровли,18,FALSE,MOBILE_CRANE: 1,FLATBED_TRUCK,Отсутствие крановой техники при подаче гидроизоляции
BUSINESS,16. Инфраструктура и территория,16.1. Прокладка магистральных коммуникаций и кабелей,18,FALSE,"EXCAVATOR: 1, MOBILE_CRANE: 1",DUMP_TRUCK,Простой экскаватора при монтаже сборных бетонных каналов
BUSINESS,16. Инфраструктура и территория,16.2. Устройство асфальтобетонных подъездов и гостевого паркинга,10,TRUE,"ROAD_ROLLER: 2, DUMP_TRUCK: 3",BULLDOZER,Критический простой катков при остывании асфальтобетона
BUSINESS,16. Инфраструктура и территория,16.3. Благоустройство общественной зоны и вывоз стройгородка,8,FALSE,"MOBILE_CRANE: 1, FLATBED_TRUCK: 1",DUMP_TRUCK,Задержка демонтажа временного городка перед сдачей
EDUCATION,17. Подготовительный этап школы,17.1. Расчистка площадки и срезка растительного грунта,5,FALSE,"BULLDOZER: 1, DUMP_TRUCK: 2",EXCAVATOR,"Простой бульдозера (>30 мин), невывоз растительного грунта"
EDUCATION,17. Подготовительный этап школы,17.2. Ограждение стройплощадки и монтаж бытового городка,7,FALSE,"MOBILE_CRANE: 1, FLATBED_TRUCK: 1",DUMP_TRUCK,Отсутствие автокрана при разгрузке бытовок и модулей
EDUCATION,17. Подготовительный этап школы,17.3. Механизированная выемка котлована под здание школы,12,TRUE,"EXCAVATOR: 1, DUMP_TRUCK: 3",BULLDOZER,"Дефицит самосвалов под вывоз грунта, простой экскаватора"
EDUCATION,17. Подготовительный этап школы,17.4. Песчаная подушка и щебеночная подготовка основания,5,TRUE,"EXCAVATOR: 1, DUMP_TRUCK: 2",ROAD_ROLLER,"Простой экскаватора при распределении песка, отсутствие катка"
EDUCATION,18. Фундаменты и каркас школы,18.1. Бетонирование фундаментной плиты и ростверков,10,TRUE,"CONCRETE_MIXER: 2, MOBILE_CRANE: 1",FLATBED_TRUCK,"Срыв ритмичности подвоза бетона миксерами, простой крана"
EDUCATION,18. Фундаменты и каркас школы,18.2. Обратная засыпка пазух котлована с уплотнением,6,FALSE,"BULLDOZER: 1, DUMP_TRUCK: 2",EXCAVATOR,Отсутствие бульдозера на послойной засыпке грунта
EDUCATION,18. Фундаменты и каркас школы,18.3. Монолитные работы и монтаж каркаса школы (3-4 этажа),35,TRUE,"MOBILE_CRANE: 1, CONCRETE_MIXER: 2, FLATBED_TRUCK: 1",EXCAVATOR,"Простой крана при монтаже конструкций, сбой доставки бетона"
EDUCATION,18. Фундаменты и каркас школы,18.4. Кладка наружных стен и внутренних перегородок классов,20,FALSE,"MOBILE_CRANE: 1, FLATBED_TRUCK: 1",DUMP_TRUCK,Простой крана при подаче поддонов с блоками на этажи
EDUCATION,"19. Кровля, фасад и сети школы",19.1. Устройство плоской кровли и монтаж утеплителя,14,FALSE,MOBILE_CRANE: 1,FLATBED_TRUCK,Отсутствие крана при подъеме рулонной гидроизоляции и минплиты
EDUCATION,"19. Кровля, фасад и сети школы",19.2. Монтаж оконных блоков и вентилируемого фасада,20,FALSE,"MOBILE_CRANE: 1, FLATBED_TRUCK: 1",DUMP_TRUCK,Простой техники при монтаже стеклопакетов и фасадных панелей
EDUCATION,"19. Кровля, фасад и сети школы","19.3. Прокладка наружных сетей тепло-, водо- и электроснабжения",15,FALSE,"EXCAVATOR: 1, MOBILE_CRANE: 1",DUMP_TRUCK,"Простой экскаватора при рытье траншей, отсутствие крана"
EDUCATION,20. Школьный двор и спортядро,20.1. Подготовка основания стадиона и внутридворовых проездов,10,TRUE,"BULLDOZER: 1, DUMP_TRUCK: 2, ROAD_ROLLER: 1",EXCAVATOR,Простой дорожной техники при подготовке основания стадиона
EDUCATION,20. Школьный двор и спортядро,20.2. Асфальтирование подъездных путей и пешеходных зон,8,TRUE,"ROAD_ROLLER: 2, DUMP_TRUCK: 2",BULLDOZER,"Простой катков, перебои доставки асфальтовой смеси"
EDUCATION,20. Школьный двор и спортядро,"20.3. Монтаж спортивных площадок, ограждений и озеленение",7,FALSE,"MOBILE_CRANE: 1, FLATBED_TRUCK: 1",DUMP_TRUCK,Задержка монтажа оборудования спортплощадок и вывоза городка
KINDERGARTEN,21. Подготовительный этап детсада,21.1. Расчистка участка и срезка плодородного слоя,4,FALSE,"BULLDOZER: 1, DUMP_TRUCK: 2",EXCAVATOR,"Простой бульдозера, задержка вывоза грунта самосвалами"
KINDERGARTEN,21. Подготовительный этап детсада,21.2. Разработка неглубокого котлована под фундамент,8,TRUE,"EXCAVATOR: 1, DUMP_TRUCK: 2",BULLDOZER,"Дефицит самосвалов, задержка выемки грунта под фундамент"
KINDERGARTEN,21. Подготовительный этап детсада,21.3. Бетонирование ленточных фундаментов и монолитной плиты,10,TRUE,"CONCRETE_MIXER: 2, MOBILE_CRANE: 1",FLATBED_TRUCK,"Срыв ритмичности подачи бетона, простой автокрана"
KINDERGARTEN,21. Подготовительный этап детсада,21.4. Гидроизоляция и обратная засыпка пазух котлована,5,FALSE,"BULLDOZER: 1, DUMP_TRUCK: 2",EXCAVATOR,Отсутствие бульдозера на послойной отсыпке песка
KINDERGARTEN,22. Каркас и контур детсада,22.1. Возведение монолитных конструкций здания (2-3 этажа),25,TRUE,"MOBILE_CRANE: 1, CONCRETE_MIXER: 2, FLATBED_TRUCK: 1",EXCAVATOR,Простой крана при подаче арматуры и бетонной смеси
KINDERGARTEN,22. Каркас и контур детсада,22.2. Кладка наружных и внутренних стен здания,14,FALSE,"MOBILE_CRANE: 1, FLATBED_TRUCK: 1",DUMP_TRUCK,Простой автокрана при подаче поддонов с блоками
KINDERGARTEN,22. Каркас и контур детсада,22.3. Устройство мягкой кровли с утеплением,12,FALSE,MOBILE_CRANE: 1,FLATBED_TRUCK,Отсутствие крановой техники при подъеме рулонной гидроизоляции
KINDERGARTEN,22. Каркас и контур детсада,22.4. Монтаж утепленного фасада и безопасного остекления,16,FALSE,"MOBILE_CRANE: 1, FLATBED_TRUCK: 1",DUMP_TRUCK,Простой техники при разгрузке витражей и утеплителя
KINDERGARTEN,23. Сети и игровые площадки,23.1. Укладка наружных инженерных коммуникаций детсада,10,FALSE,"EXCAVATOR: 1, MOBILE_CRANE: 1",DUMP_TRUCK,Простой экскаватора при рытье траншей водопровода и тепла
KINDERGARTEN,23. Сети и игровые площадки,23.2. Асфальтирование кругового проезда и тротуаров,6,TRUE,"ROAD_ROLLER: 2, DUMP_TRUCK: 2",BULLDOZER,Критический простой катков при укладке асфальтобетона
KINDERGARTEN,23. Сети и игровые площадки,23.3. Обустройство прогулочных зон с верандами и озеленение,8,FALSE,"MOBILE_CRANE: 1, FLATBED_TRUCK: 1",DUMP_TRUCK,Задержка монтажа теневых навесов и МАФ перед приемкой
HEALTHCARE,24. Подготовительный этап медцентра,24.1. Планировка участка и вынос сетей из зоны застройки,8,FALSE,"BULLDOZER: 1, DUMP_TRUCK: 2",EXCAVATOR,"Простой бульдозера, задержка перекладки кабелей"
HEALTHCARE,24. Подготовительный этап медцентра,24.2. Разработка котлована под лечебный корпус,14,TRUE,"EXCAVATOR: 2, DUMP_TRUCK: 3",BULLDOZER,"Дефицит самосвалов под выемку грунта, простой экскаватора"
HEALTHCARE,24. Подготовительный этап медцентра,24.3. Устройство шпунта и песчано-щебеночного основания,8,TRUE,"EXCAVATOR: 1, MOBILE_CRANE: 1",ROAD_ROLLER,Простой крана при подаче металлических элементов шпунта
HEALTHCARE,25. Монолит поликлиники,25.1. Бетонирование фундаментной плиты с усилением под МРТ,14,TRUE,"CONCRETE_MIXER: 3, MOBILE_CRANE: 1",FLATBED_TRUCK,"Срыв ритмичности подачи бетона, простой миксеров"
HEALTHCARE,25. Монолит поликлиники,25.2. Монолитные конструкции подвала и защитных бункеров,18,TRUE,"CONCRETE_MIXER: 2, MOBILE_CRANE: 1",FLATBED_TRUCK,Отсутствие автокрана при монтаже тяжелой опалубки
HEALTHCARE,25. Монолит поликлиники,25.3. Возведение монолитного каркаса типовых этажей,40,TRUE,"CONCRETE_MIXER: 3, MOBILE_CRANE: 1",FLATBED_TRUCK,Критический простой автокрана в рабочую смену
HEALTHCARE,25. Монолит поликлиники,25.4. Кладка наружных ограждающих стен,20,FALSE,"MOBILE_CRANE: 1, FLATBED_TRUCK: 1",DUMP_TRUCK,Срыв подачи поддонов с блоками на этажи поликлиники
HEALTHCARE,"26. Фасад, кровля и медицинские сети",26.1. Устройство кровли с площадками под вентмашины,16,FALSE,MOBILE_CRANE: 1,FLATBED_TRUCK,Отсутствие крановой техники при подъеме гидроизоляции
HEALTHCARE,"26. Фасад, кровля и медицинские сети",26.2. Монтаж энергосберегающего навесного фасада и витражей,22,FALSE,"MOBILE_CRANE: 1, FLATBED_TRUCK: 1",DUMP_TRUCK,Простой техники при разгрузке кассет и стеклопакетов
HEALTHCARE,"26. Фасад, кровля и медицинские сети","26.3. Прокладка сетей кислородоснабжения, тепла и воды",16,FALSE,"EXCAVATOR: 1, MOBILE_CRANE: 1",DUMP_TRUCK,"Простой экскаватора, отсутствие крана при монтаже лотков"
HEALTHCARE,27. Территория и подъезд скорой помощи,27.1. Устройство основания дорог и зоны экстренной разгрузки,9,TRUE,"BULLDOZER: 1, DUMP_TRUCK: 2, ROAD_ROLLER: 1",EXCAVATOR,Простой грейдера/катка при подготовке основания проездов
HEALTHCARE,27. Территория и подъезд скорой помощи,27.2. Асфальтирование путей скорой помощи и автостоянки,7,TRUE,"ROAD_ROLLER: 2, DUMP_TRUCK: 2",BULLDOZER,Критический простой катков при укладке асфальта
HEALTHCARE,27. Территория и подъезд скорой помощи,27.3. Благоустройство безбарьерной среды и сдача площадки,6,FALSE,"MOBILE_CRANE: 1, FLATBED_TRUCK: 1",DUMP_TRUCK,"Задержка установки пандусов, МАФ и вывоза бытовок"
SPORTS_FACILITY,28. Земляной цикл спорткомплекса,28.1. Инженерная подготовка площадки и срезка грунта,7,FALSE,"BULLDOZER: 1, DUMP_TRUCK: 2",EXCAVATOR,"Простой бульдозера, задержка вывоза грунта с площадки"
SPORTS_FACILITY,28. Земляной цикл спорткомплекса,28.2. Разработка котлована под здание ФОКа и ванну бассейна,16,TRUE,"EXCAVATOR: 2, DUMP_TRUCK: 4",BULLDOZER,Критический дефицит самосвалов под выемку грунта
SPORTS_FACILITY,28. Земляной цикл спорткомплекса,28.3. Песчано-щебеночная подготовка и подбетонка основания,7,TRUE,"EXCAVATOR: 1, DUMP_TRUCK: 2",ROAD_ROLLER,"Простой экскаватора, нехватка подвоза песка и щебня"
SPORTS_FACILITY,29. Монолитные чаши и трибуны,29.1. Бетонирование фундаментной плиты и чаши бассейна,18,TRUE,"CONCRETE_MIXER: 3, MOBILE_CRANE: 1",FLATBED_TRUCK,Срыв ритмичности подачи водонепроницаемого бетона
SPORTS_FACILITY,29. Монолитные чаши и трибуны,29.2. Возведение колонн и перекрытий трибунной части,28,TRUE,"CONCRETE_MIXER: 2, MOBILE_CRANE: 1",FLATBED_TRUCK,Отсутствие автокрана при монтаже опалубки трибун
SPORTS_FACILITY,29. Монолитные чаши и трибуны,29.3. Обратная засыпка пазух котлована с уплотнением,8,FALSE,"BULLDOZER: 1, DUMP_TRUCK: 2",EXCAVATOR,"Дефицит самосвалов на подвозе песка, простой бульдозера"
SPORTS_FACILITY,30. Большепролетные фермы и кровля,30.1. Монтаж металлоконструкций большепролетных ферм,18,TRUE,"MOBILE_CRANE: 1, FLATBED_TRUCK: 2",EXCAVATOR,Простой автокрана тяжелой грузоподъемности при подъеме ферм
SPORTS_FACILITY,30. Большепролетные фермы и кровля,30.2. Устройство фальцевой и мембранной кровли арены,16,FALSE,MOBILE_CRANE: 1,FLATBED_TRUCK,Отсутствие крановой техники при подъеме мембраны и утеплителя
SPORTS_FACILITY,30. Большепролетные фермы и кровля,30.3. Монтаж сэндвич-панелей и фасадных витражей ФОКа,22,FALSE,"MOBILE_CRANE: 1, FLATBED_TRUCK: 1",DUMP_TRUCK,Простой автовышки/крана при монтаже стеновых панелей
SPORTS_FACILITY,31. Сети и спортивное ядро,31.1. Прокладка усиленных сетей водоотведения и тепла,15,FALSE,"EXCAVATOR: 1, MOBILE_CRANE: 1",DUMP_TRUCK,Простой экскаватора при рытье траншей водосброса бассейна
SPORTS_FACILITY,31. Сети и спортивное ядро,31.2. Устройство основания дорог и открытых спортплощадок,10,TRUE,"BULLDOZER: 1, DUMP_TRUCK: 2, ROAD_ROLLER: 1",EXCAVATOR,Простой катков и бульдозера при подготовке основания
SPORTS_FACILITY,31. Сети и спортивное ядро,31.3. Асфальтирование проездов автобусной парковки и сдача,8,TRUE,"ROAD_ROLLER: 2, DUMP_TRUCK: 2",BULLDOZER,Критический простой катков при укладке чистового асфальта
CULTURE,32. Земляной цикл объекта культуры,32.1. Расчистка участка и ограждение охранной зоны,6,FALSE,"BULLDOZER: 1, DUMP_TRUCK: 2",EXCAVATOR,"Простой бульдозера, задержка вывоза строительного мусора"
CULTURE,32. Земляной цикл объекта культуры,32.2. Механизированная выемка котлована под трюм сцены,14,TRUE,"EXCAVATOR: 2, DUMP_TRUCK: 3",BULLDOZER,Дефицит самосвалов под глубокую выемку грунта сцены
CULTURE,32. Земляной цикл объекта культуры,32.3. Устройство гидроизоляции и бетонной подготовки,6,TRUE,"EXCAVATOR: 1, DUMP_TRUCK: 2",ROAD_ROLLER,Простой экскаватора перед приемкой подбетонки
CULTURE,33. Каркас зрительного зала,33.1. Бетонирование фундаментной плиты культурного центра,14,TRUE,"CONCRETE_MIXER: 3, MOBILE_CRANE: 1",FLATBED_TRUCK,"Срыв ритмичности подачи бетона, простой миксеров"
CULTURE,33. Каркас зрительного зала,33.2. Возведение монолитного каркаса и зрительного зала,36,TRUE,"CONCRETE_MIXER: 2, MOBILE_CRANE: 1",FLATBED_TRUCK,Простой автокрана при подаче опалубки акустических стен
CULTURE,33. Каркас зрительного зала,33.3. Монтаж акустических перекрытий и сценических балок,12,TRUE,"MOBILE_CRANE: 1, FLATBED_TRUCK: 1",EXCAVATOR,Простой крана при монтаже несущих балок колосников
CULTURE,33. Каркас зрительного зала,33.4. Кладка наружных стен и внутренних холлов,18,FALSE,"MOBILE_CRANE: 1, FLATBED_TRUCK: 1",DUMP_TRUCK,Срыв подачи поддонов с кирпичом и блоками на этажи
CULTURE,"34. Фасад, кровля и сети ДК",34.1. Устройство сложной кровли культурного центра,16,FALSE,MOBILE_CRANE: 1,FLATBED_TRUCK,Отсутствие крановой техники при подъеме гидроизоляции
CULTURE,"34. Фасад, кровля и сети ДК",34.2. Монтаж декоративного навесного фасада и входной группы,24,FALSE,"MOBILE_CRANE: 1, FLATBED_TRUCK: 1",DUMP_TRUCK,Простой подъемников и автокрана при монтаже фасада
CULTURE,"34. Фасад, кровля и сети ДК",34.3. Прокладка наружных инженерных коммуникаций,12,FALSE,"EXCAVATOR: 1, MOBILE_CRANE: 1",DUMP_TRUCK,Простой экскаватора при вскрытии траншей под сети
CULTURE,35. Общественная площадь ДК,35.1. Устройство основания пешеходной площади и проездов,9,TRUE,"BULLDOZER: 1, DUMP_TRUCK: 2, ROAD_ROLLER: 1",EXCAVATOR,Простой грейдера/катка при планировке основания площади
CULTURE,35. Общественная площадь ДК,35.2. Асфальтирование и мощение территории перед центром,8,TRUE,"ROAD_ROLLER: 2, DUMP_TRUCK: 2",BULLDOZER,Критический простой катков при укладке асфальтобетона
CULTURE,35. Общественная площадь ДК,35.3. Озеленение монтаж освещения малых форм и сдача,7,FALSE,"MOBILE_CRANE: 1, FLATBED_TRUCK: 1",DUMP_TRUCK,Задержка вывоза бытовок и дорожных плит перед комиссией
ROAD_CONSTRUCTION,36. Подготовительный этап дороги,36.1. Снятие растительного слоя и расчистка полосы отвода,10,FALSE,"BULLDOZER: 1, DUMP_TRUCK: 3",EXCAVATOR,"Простой бульдозера, дефицит самосвалов под вывоз грунта"
ROAD_CONSTRUCTION,36. Подготовительный этап дороги,36.2. Переустройство и вынос инженерных сетей из зоны дороги,15,TRUE,"EXCAVATOR: 1, MOBILE_CRANE: 1",DUMP_TRUCK,"Простой экскаватора при вскрытии сетей, отсутствие крана"
ROAD_CONSTRUCTION,37. Сооружение земляного полотна,37.1. Разработка выемок и возведение насыпи земляного полотна,25,TRUE,"EXCAVATOR: 2, DUMP_TRUCK: 5, BULLDOZER: 1",ROAD_ROLLER,Критический дефицит самосвалов на доставке грунта насыпи
ROAD_CONSTRUCTION,37. Сооружение земляного полотна,37.2. Послойное разравнивание и уплотнение грунта насыпи,20,TRUE,"BULLDOZER: 1, ROAD_ROLLER: 2",DUMP_TRUCK,"Простой катков при укатке слоев грунта, срыв плотности"
ROAD_CONSTRUCTION,38. Конструктивные слои основания,38.1. Устройство песчаного подстилающего слоя с уплотнением,15,TRUE,"BULLDOZER: 1, DUMP_TRUCK: 4, ROAD_ROLLER: 2",EXCAVATOR,"Нехватка самосвалов на доставке песка, простой катков"
ROAD_CONSTRUCTION,38. Конструктивные слои основания,38.2. Устройство несущего щебеночного основания,15,TRUE,"BULLDOZER: 1, DUMP_TRUCK: 4, ROAD_ROLLER: 2",EXCAVATOR,Простой катков и бульдозера при расклинцовке щебня
ROAD_CONSTRUCTION,39. Асфальтобетонное покрытие,39.1. Укладка нижнего слоя крупнозернистого асфальтобетона,12,TRUE,"ROAD_ROLLER: 3, DUMP_TRUCK: 6",BULLDOZER,Критический простой катков при остывании горячего асфальта
ROAD_CONSTRUCTION,39. Асфальтобетонное покрытие,39.2. Укладка верхнего слоя покрытия из ЩМА,10,TRUE,"ROAD_ROLLER: 3, DUMP_TRUCK: 6",FLATBED_TRUCK,"Срыв темпа укатки чистового слоя асфальта, нехватка катков"
ROAD_CONSTRUCTION,40. Обустройство дороги и безопасность,40.1. Установка бортового камня и барьерного ограждения,12,FALSE,"MOBILE_CRANE: 1, FLATBED_TRUCK: 1",EXCAVATOR,Простой автокрана/грузовика при установке бордюров и барьеров
ROAD_CONSTRUCTION,40. Обустройство дороги и безопасность,40.2. Монтаж мачт освещения и светофорных объектов,10,FALSE,"MOBILE_CRANE: 1, FLATBED_TRUCK: 1",EXCAVATOR,Простой автокрана при установке опор освещения вдоль трассы
ROAD_CONSTRUCTION,40. Обустройство дороги и безопасность,40.3. Нанесение дорожной разметки знаки и рекультивация,8,FALSE,"FLATBED_TRUCK: 1, DUMP_TRUCK: 2",BULLDOZER,Задержка финальной очистки полосы отвода перед сдачей комиссии